Workbook

Sheet 안내
B1: 엑셀 데이터 분석 보고서 · 실습 파일
B2: 해운대점 9월 일별 판매 데이터(30일) · 강사 시연용 가상 데이터
B4: ① 준비: 파일 > 옵션 > 추가 기능 > [이동] > ‘분석 도구’ 체크 → 데이터 탭에 [데이터 분석] 생성
B5: ② 상관분석: =CORREL(데이터!D2:D31,데이터!G2:G31) / 데이터 분석 > 상관 분석 (입력 범위 D1:I31, 첫째 행 이름표)
B6: ③ 회귀분석: =SLOPE(G2:G31,D2:D31), =INTERCEPT(…), =RSQ(…), =FORECAST(28,G2:G31,D2:D31)
B7: 데이터 분석 > 회귀 분석: Y축 G1:G31, X축 D1:D31, 이름표 ✓ / 다중회귀: Y축 F1:F31, X축 C1:E31
B8: ④ 시각화: D·G열 선택 > 삽입 > 분산형 > 추세선(선형, 수식·R² 표시) / 콤보 차트(기온은 보조 축)
B9: ⑤ 보고서: 결과 수치를 넣어 AI에게 초안 요청 → 수치·해석 검증 → 1쪽 보고서 완성
B11: 결과를 적을 칸

Sheet 데이터
A1: 날짜 | B1: 요일 | C1: 주말 | D1: 최고기온(℃) | E1: 강수량(mm) | F1: 방문객수(명) | G1: 아이스음료(잔) | H1: 따뜻한음료(잔) | I1: 매출액(천원)
A2: 2026-09-01 | B2: 화 | C2: 0 | D2: 31.5 | E2: 0 | F2: 264 | G2: 255 | H2: 55 | I2: 2354
A3: 2026-09-02 | B3: 수 | C3: 0 | D3: 31.4 | E3: 0 | F3: 261 | G3: 256 | H3: 62 | I3: 2497
A4: 2026-09-03 | B4: 목 | C4: 0 | D4: 31.2 | E4: 0 | F4: 266 | G4: 269 | H4: 51 | I4: 2445
A5: 2026-09-04 | B5: 금 | C5: 0 | D5: 28.2 | E5: 0 | F5: 229 | G5: 206 | H5: 57 | I5: 2188
A6: 2026-09-05 | B6: 토 | C6: 1 | D6: 30.8 | E6: 0 | F6: 315 | G6: 266 | H6: 68 | I6: 2975
A7: 2026-09-06 | B7: 일 | C7: 1 | D7: 28.3 | E7: 44 | F7: 212 | G7: 196 | H7: 70 | I7: 1889
A8: 2026-09-07 | B8: 월 | C8: 0 | D8: 30.1 | E8: 0 | F8: 254 | G8: 241 | H8: 63 | I8: 2398
A9: 2026-09-08 | B9: 화 | C9: 0 | D9: 28.2 | E9: 0 | F9: 274 | G9: 206 | H9: 78 | I9: 2589
A10: 2026-09-09 | B10: 수 | C10: 0 | D10: 28.8 | E10: 0 | F10: 268 | G10: 216 | H10: 69 | I10: 2593
A11: 2026-09-10 | B11: 목 | C11: 0 | D11: 29.3 | E11: 0 | F11: 258 | G11: 241 | H11: 76 | I11: 2340
A12: 2026-09-11 | B12: 금 | C12: 0 | D12: 29.6 | E12: 0 | F12: 262 | G12: 225 | H12: 61 | I12: 2439
A13: 2026-09-12 | B13: 토 | C13: 1 | D13: 30.3 | E13: 0 | F13: 330 | G13: 261 | H13: 77 | I13: 2840
... A31: 2026-09-30 | B31: 수 | C31: 0 | D31: 27 | E31: 0 | F31: 254 | G31: 200 | H31: 70 | I31: 2322
A33: ※ 강사 시연용 가상 데이터입니다 (실제 매장 실적 아님). 주말: 토·일=1, 평일=0

Sheet 상관분석
A1: 상관계수 행렬 (=CORREL) · 색조: 파랑(−1) ↔ 흰색(0) ↔ 주황(+1)
B3: 최고기온 | C3: 강수량 | D3: 방문객수 | E3: 아이스음료 | F3: 따뜻한음료 | G3: 매출액
A4: 최고기온 | B4: =CORREL(데이터!$D$2:$D$31,데이터!$D$2:$D$31) -> 1 | C4: =CORREL(데이터!$D$2:$D$31,데이터!$E$2:$E$31) -> -0.24239914 | D4: =CORREL(데이터!$D$2:$D$31,데이터!$F$2:$F$31) -> 0.18180702 | E4: =CORREL(데이터!$D$2:$D$31,데이터!$G$2:$G$31) -> 0.88212342 | F4: =CORREL(데이터!$D$2:$D$31,데이터!$H$2:$H$31) -> -0.53369283 | G4: =CORREL(데이터!$D$2:$D$31,데이터!$I$2:$I$31) -> 0.17876554
A5: 강수량 | B5: =CORREL(데이터!$E$2:$E$31,데이터!$D$2:$D$31) -> -0.24239914 | C5: =CORREL(데이터!$E$2:$E$31,데이터!$E$2:$E$31) -> 1 | D5: =CORREL(데이터!$E$2:$E$31,데이터!$F$2:$F$31) -> -0.63694944 | E5: =CORREL(데이터!$E$2:$E$31,데이터!$G$2:$G$31) -> -0.47586772 | F5: =CORREL(데이터!$E$2:$E$31,데이터!$H$2:$H$31) -> -0.24195213 | G5: =CORREL(데이터!$E$2:$E$31,데이터!$I$2:$I$31) -> -0.63420907
A6: 방문객수 | B6: =CORREL(데이터!$F$2:$F$31,데이터!$D$2:$D$31) -> 0.18180702 | C6: =CORREL(데이터!$F$2:$F$31,데이터!$E$2:$E$31) -> -0.63694944 | D6: =CORREL(데이터!$F$2:$F$31,데이터!$F$2:$F$31) -> 1 | E6: =CORREL(데이터!$F$2:$F$31,데이터!$G$2:$G$31) -> 0.57012191 | F6: =CORREL(데이터!$F$2:$F$31,데이터!$H$2:$H$31) -> 0.59973607 | G6: =CORREL(데이터!$F$2:$F$31,데이터!$I$2:$I$31) -> 0.9798189
A7: 아이스음료 | B7: =CORREL(데이터!$G$2:$G$31,데이터!$D$2:$D$31) -> 0.88212342 | C7: =CORREL(데이터!$G$2:$G$31,데이터!$E$2:$E$31) -> -0.47586772 | D7: =CORREL(데이터!$G$2:$G$31,데이터!$F$2:$F$31) -> 0.57012191 | E7: =CORREL(데이터!$G$2:$G$31,데이터!$G$2:$G$31) -> 1 | F7: =CORREL(데이터!$G$2:$G$31,데이터!$H$2:$H$31) -> -0.18814943 | G7: =CORREL(데이터!$G$2:$G$31,데이터!$I$2:$I$31) -> 0.55069037
A8: 따뜻한음료 | B8: =CORREL(데이터!$H$2:$H$31,데이터!$D$2:$D$31) -> -0.53369283 | C8: =CORREL(데이터!$H$2:$H$31,데이터!$E$2:$E$31) -> -0.24195213 | D8: =CORREL(데이터!$H$2:$H$31,데이터!$F$2:$F$31) -> 0.59973607 | E8: =CORREL(데이터!$H$2:$H$31,데이터!$G$2:$G$31) -> -0.18814943 | F8: =CORREL(데이터!$H$2:$H$31,데이터!$H$2:$H$31) -> 1 | G8: =CORREL(데이터!$H$2:$H$31,데이터!$I$2:$I$31) -> 0.57567548
A9: 매출액 | B9: =CORREL(데이터!$I$2:$I$31,데이터!$D$2:$D$31) -> 0.17876554 | C9: =CORREL(데이터!$I$2:$I$31,데이터!$E$2:$E$31) -> -0.63420907 | D9: =CORREL(데이터!$I$2:$I$31,데이터!$F$2:$F$31) -> 0.9798189 | E9: =CORREL(데이터!$I$2:$I$31,데이터!$G$2:$G$31) -> 0.55069037 | F9: =CORREL(데이터!$I$2:$I$31,데이터!$H$2:$H$31) -> 0.57567548 | G9: =CORREL(데이터!$I$2:$I$31,데이터!$I$2:$I$31) -> 1
A11: 읽는 법: |r| ≥ 0.7 강함 · 0.3~0.7 보통 · < 0.3 거의 없음 (실무용 어림 기준)

Sheet 회귀분석
A1: 단순회귀: 아이스음료(y) ~ 최고기온(x)
A2: 항목 | B2: 값 | C2: 수식 (y 범위, x 범위 순서)
A3: 상관계수 r | B3: =CORREL(데이터!$D$2:$D$31,데이터!$G$2:$G$31) -> 0.88212342 | C3: =CORREL(D2:D31,G2:G31)
A4: 기울기 b | B4: =SLOPE(데이터!$G$2:$G$31,데이터!$D$2:$D$31) -> 15.03531 | C4: =SLOPE(G2:G31,D2:D31)
A5: 절편 a | B5: =INTERCEPT(데이터!$G$2:$G$31,데이터!$D$2:$D$31) -> -209.59363 | C5: =INTERCEPT(G2:G31,D2:D31)
A6: 결정계수 R² | B6: =RSQ(데이터!$G$2:$G$31,데이터!$D$2:$D$31) -> 0.77814172 | C6: =RSQ(G2:G31,D2:D31)
A7: 표준 오차 | B7: =STEYX(데이터!$G$2:$G$31,데이터!$D$2:$D$31) -> 17.541312 | C7: =STEYX(G2:G31,D2:D31)
A8: 예측: 최고기온 B11℃일 때 아이스음료(잔) | B8: =FORECAST(B11,데이터!$G$2:$G$31,데이터!$D$2:$D$31) -> 211.39506 | C8: =FORECAST(B11,G2:G31,D2:D31)
A9: 관측한 기온 최솟값(℃) | B9: =MIN(데이터!$D$2:$D$31) -> 23.5 | C9: =MIN(D2:D31)
A10: 관측한 기온 최댓값(℃) | B10: =MAX(데이터!$D$2:$D$31) -> 31.5 | C10: =MAX(D2:D31)
A11: 예측할 최고기온 입력(℃) ▶ | B11: 28 | C11: 노란 칸 값을 바꾸면 B8 예측값이 다시 계산됩니다 (23.5~31.5℃ 안에서만 의미 있음)
A14: 다중회귀: 방문객수(y) ~ 주말 + 최고기온 + 강수량 (LINEST)
A15: 항목 | B15: 값 | C15: 해석
A16: 주말 계수 (명) | B16: =INDEX(LINEST(데이터!$F$2:$F$31,데이터!$C$2:$E$31,TRUE(),TRUE()),1,3) -> 87.101483 | C16: 주말이면 평일보다 약 87명 더 방문
A17: 최고기온 계수 (명/℃) | B17: =INDEX(LINEST(데이터!$F$2:$F$31,데이터!$C$2:$E$31,TRUE(),TRUE()),1,2) -> 2.6461532 | C17: 1℃당 약 3명 · 영향 작음
A18: 강수량 계수 (명/mm) | B18: =INDEX(LINEST(데이터!$F$2:$F$31,데이터!$C$2:$E$31,TRUE(),TRUE()),1,1) -> -2.8444278 | C18: 비 10mm당 약 28명 감소
A19: Y 절편 | B19: =INDEX(LINEST(데이터!$F$2:$F$31,데이터!$C$2:$E$31,TRUE(),TRUE()),1,4) -> 178.13896
A20: 결정계수 R² | B20: =INDEX(LINEST(데이터!$F$2:$F$31,데이터!$C$2:$E$31,TRUE(),TRUE()),3,1) -> 0.93320039 | C20: 방문객 변동의 93%를 세 변수로 설명
A21: 참고: 기온만 넣었을 때 R² | B21: =RSQ(데이터!$F$2:$F$31,데이터!$D$2:$D$31) -> 0.033053791 | C21: 기온 하나로는 거의 설명 못 함
A22: 평일 평균 방문객 | B22: =AVERAGEIF(데이터!$C$2:$C$31,0,데이터!$F$2:$F$31) -> 239.18182 | C22: =AVERAGEIF(C2:C31,0,F2:F31)
A23: 주말 평균 방문객 | B23: =AVERAGEIF(데이터!$C$2:$C$31,1,데이터!$F$2:$F$31) -> 300.875 | C23: =AVERAGEIF(C2:C31,1,F2:F31)
A25: LINEST 결과는 X열의 역순(강수량, 최고기온, 주말, 절편)으로 나옵니다. 자세한 P-값은 데이터 분석 > 회귀 분석으로 확인하세요.

Sheet 차트
A1: 시각화 예시 · 산점도+추세선 / 콤보 차트

Sheet 보고서
A1: 해운대점 9월 판매 데이터 분석 보고 (운영지원팀)
A2: [요약]
A3: ="① 아이스음료 판매는 최고기온과 강한 양의 상관(r="&TEXT(회귀분석!B3,"0.00")&")이 있고, 1℃ 오를 때 약 "&TEXT(회귀분석!B4,"0")&"잔 늘어나는 경향" -> ① 아이스음료 판매는 최고기온과 강한 양의 상관(r=0.88)이 있고, 1℃ 오를 때 약 15잔 늘어나는 경향
A4: ="② 방문객 수는 주말(+"&TEXT(회귀분석!B16,"0")&"명)과 강수량(1mm당 "&TEXT(회귀분석!B18,"0.0")&"명)의 영향이 크고 기온 영향은 작음" -> ② 방문객 수는 주말(+87명)과 강수량(1mm당 -2.8명)의 영향이 크고 기온 영향은 작음
A5: ="③ 방문객 수와 매출은 거의 같이 움직임(r="&TEXT(상관분석!G6,"0.00")&")" -> ③ 방문객 수와 매출은 거의 같이 움직임(r=0.98)
A6: [핵심 지표]
A7: ="회귀식: 아이스음료 = "&TEXT(회귀분석!B4,"0.00")&" × 최고기온 − "&TEXT(-회귀분석!B5,"0.0")&" · R² "&TEXT(회귀분석!B6,"0.00")&" · "&회귀분석!B11&"℃ 예측 "&TEXT(회귀분석!B8,"0")&"잔" -> 회귀식: 아이스음료 = 15.04 × 최고기온 − 209.6 · R² 0.78 · 28℃ 예측 211잔
A8: ="방문객 다중회귀 R² "&TEXT(회귀분석!B20,"0.00")&" (기온만 넣으면 "&TEXT(회귀분석!B21,"0.00")&")" -> 방문객 다중회귀 R² 0.93 (기온만 넣으면 0.03)
A9: [시사점]
A10: ="① 다음 날 최고기온 예보로 아이스음료 재료 준비량 조정 ("&회귀분석!B11&"℃ ≈ "&TEXT(회귀분석!B8,"0")&"잔)" -> ① 다음 날 최고기온 예보로 아이스음료 재료 준비량 조정 (28℃ ≈ 211잔)
A11: ="② 주말은 평일보다 방문객이 평균 "&TEXT(회귀분석!B23-회귀분석!B22,"0")&"명 많아("&TEXT(회귀분석!B22,"0")&"→"&TEXT(회귀분석!B23,"0")&"명) 인력 보강 검토" -> ② 주말은 평일보다 방문객이 평균 62명 많아(239→301명) 인력 보강 검토
A12: ③ 비 예보일은 방문객 감소에 대비해 포장·배달 프로모션 검토
A13: [한계]
A14: ="9월 30일 자료(최고기온 "&TEXT(회귀분석!B9,"0.0")&"~"&TEXT(회귀분석!B10,"0.0")&"℃)로 분석해 다른 계절·지점에 그대로 적용할 수 없으며, 상관관계는 원인을 뜻하지 않음" -> 9월 30일 자료(최고기온 23.5~31.5℃)로 분석해 다른 계절·지점에 그대로 적용할 수 없으며, 상관관계는 원인을 뜻하지 않음
